date,journal_mood,journal_notes,energy_level,stress_level,key_accomplishments,challenges_faced,lessons_learned,tomorrow_goals
2024-11-01,4,"Rough start to the month. Feeling overwhelmed with coursework and not sure where to begin. Data structures assignment is kicking my butt.",3,8,"Attended all classes, took some notes","Data structures concepts, time management, self-doubt","Need to break big problems into smaller pieces","Find study buddy, start DS assignment"
2024-11-02,5,"Slightly better day. Actually submitted that overdue lab report. Still struggling but at least I'm moving forward.",4,7,"Submitted lab report, had good team meeting","Still procrastinating on coding practice","Small progress is still progress","Practice 1 coding problem, attend all classes"
2024-11-03,6,"Had a breakthrough moment understanding React basics. Feeling a bit more capable. Room is still a disaster zone though.",5,6,"Learned React, completed math homework","Room organization, still avoiding exercise","Learning new tech actually boosts confidence","Organize study space, plan tomorrow better"
2024-11-04,7,"Good day! Perfect attendance and made progress on group project. Team dynamics are improving. Feeling more optimistic.",6,5,"Perfect attendance, productive team meeting, good notes review","Guitar practice skipped again","Consistent effort pays off in relationships and academics","Continue momentum, try to fit in some exercise"
2024-11-05,8,"Amazing weekend! Solved 3 LeetCode problems and finally cleaned my room. Using calendar app for first time. Progress feels real.",7,4,"LeetCode problems solved, room organized, started planning","Still no exercise routine","Organization creates mental clarity and productivity","Keep using planning tools, establish exercise habit"
2024-11-06,6,"Stayed up too late again studying. Need to work on sleep schedule. But caught up on assignments which feels good.",5,6,"Caught up on 2 subjects, learned Git basics","Sleep schedule, meditation forgotten","Academic progress doesn't mean much without self-care","Prioritize sleep, try morning routine"
2024-11-07,7,"Career seminar was eye-opening. Learning about industry gave me direction. Lab work was challenging but I pushed through.",6,5,"Attended career seminar, completed electronics lab","Public speaking still terrifies me","Industry knowledge helps with motivation and direction","Work on communication skills, maintain momentum"
2024-11-08,8,"Great day! Morning routine worked, stayed focused in classes, started personal project. Cooked instead of ordering out.",7,4,"Good morning routine, focused classes, started todo app project","Networking anxiety still there","Personal projects make learning feel real and applicable","Continue building, try to network this week"
2024-11-09,7,"Project milestone went well. Learning SQL through online tutorials. Evening walk felt really good after sitting all day.",6,5,"Project milestone completed, learned database concepts","Still postponing mentor call","Physical activity actually helps with studying and mood","Schedule that mentor call, keep up evening walks"
2024-11-10,8,"Productive Saturday! Made real progress on todo app - added authentication. Study group forming. Weekend planning helping.",7,4,"Major project progress, study group formation, good planning","Fiction reading time still nonexistent","Weekend structure prevents waste of time","Maintain study group, keep building project"
2024-11-11,9,"First time in weeks I got 8 hours sleep and did morning workout. Amazing how much better everything feels with basics covered.",8,3,"Proper sleep, morning exercise, early assignment completion","Old habits trying to creep back","Physical foundation affects everything else","Protect sleep and exercise time, they're not luxury"
2024-11-12,8,"Workshop and mock interview practice building real confidence. Starting to feel like I belong in tech conversations.",7,4,"Industry workshop, interview practice, timely submissions","Meal planning execution still spotty","Confidence comes from competence and practice","Continue interview prep, improve meal consistency"
2024-11-13,8,"Library study session super productive. Learning Docker, connecting with classmates. Gym with friend was motivating.",7,4,"Productive study, Docker learning, social gym session","Time management could be better","Social aspects of fitness and learning increase motivation","Schedule regular gym sessions, maintain study groups"
2024-11-14,7,"Presentation prep making me nervous but I'm doing it anyway. Updated resume with recent projects. Cooking becoming habit.",6,5,"Presentation preparation, resume updates, healthy cooking","Presentation anxiety still high","Preparation reduces anxiety, even if it doesn't eliminate it","Practice presentation more, focus on content not perfection"
2024-11-15,9,"Gave presentation successfully! Career fair was intimidating but I talked to 5 companies. Celebrating small wins working.",8,3,"Successful presentation, career fair networking, confidence boost","Still get nervous in professional settings","Small wins compound into bigger confidence","Continue networking follow-ups, build on momentum"
2024-11-16,8,"Weekend was balanced - project work, social time, rest. Personal project now has user auth. Study group collaborative learning rocks.",7,4,"User authentication implementation, collaborative learning, social balance","Guitar still neglected, but priorities are clear","Balance includes both productivity and relationships","Maintain study group leadership, keep project momentum"
2024-11-17,8,"Morning meditation started! Batch cooking for week feels like adulting. Code review practice expanding knowledge.",7,4,"Started meditation, meal prep success, code review learning","Still need more consistent routines","Proactive preparation prevents problems","Keep building these foundation habits"
2024-11-18,9,"Monday motivation actually worked. Perfect attendance, gym habit building, technical reading expanding knowledge.",8,3,"Perfect attendance, consistent exercise, expanding technical knowledge","Time could be managed even better","Momentum creates momentum - success breeds success","Optimize time management, maintain all positive habits"
2024-11-19,8,"Morning run felt amazing. Networking event was good practice. Study group collaborative problem solving is powerful.",7,4,"Morning exercise, networking practice, collaborative learning","Still working on confidence in professional settings","Collaboration amplifies individual learning","Continue networking, maintain exercise and collaboration"
2024-11-20,9,"Major breakthrough! Deployed todo app online. System design learning clicking. Updated LinkedIn with real accomplishments.",8,3,"Project deployment, system design understanding, LinkedIn update","Need to balance celebration with continued effort","Real accomplishments build genuine confidence","Set next project goals, maintain learning momentum"
2024-11-21,8,"Final exam prep intense but organized. Mock interview went well. Side project completion feels like real achievement.",7,4,"Organized exam prep, good interview practice, project completion","Social time balance could be better","Structured preparation reduces stress and improves performance","Maintain preparation systems, don't neglect social needs"
2024-11-22,9,"Consistent morning routine paying off. Deep work sessions super productive. Exercise breaks during study actually help focus.",8,3,"Consistent routines, productive deep work, good study-exercise balance","Could document learning better","Consistency in basics enables excellence in complex tasks","Start documenting insights and learning patterns"
2024-11-23,8,"Weekend project started well. Next.js learning expanding capabilities. Good balance of learning and social time.",7,4,"New framework learning, social balance, productive weekend","Need better learning documentation system","Learning new technologies builds confidence and capabilities","Implement learning documentation, maintain balance"
2024-11-24,9,"Quality sleep making huge difference. Morning workout + study = powerful combination. Portfolio work showcasing real skills.",8,3,"Excellent sleep, effective morning routine, portfolio development","Relaxation time could be more intentional","Good habits compound - each reinforces the others","Keep optimizing routines, be intentional about rest"
2024-11-25,"Amazing week! Leading study groups, solving advanced problems, networking confidently. Transformation feels real and sustainable.",8,3,"Study group leadership, advanced problem solving, confident networking","Some old anxieties still surface occasionally","Leadership and teaching skills emerge naturally from competence","Continue leading and teaching, embrace continued growth"
2024-11-26,9,"Technical workshop was incredible. Group project leadership going well. DevOps learning opening new possibilities.",8,3,"Technical workshop, effective leadership, new skill acquisition","Time management still needs optimization","Technical skills and leadership skills develop together","Keep learning cutting-edge skills, optimize time systems"
2024-11-27,9,"Presentation skills improving noticeably. Open source contribution was scary but successful. Helping classmates feels natural now.",8,3,"Improved presentation skills, open source contribution, natural mentoring","Perfectionism still creeps in sometimes","Contributing to real projects builds legitimate confidence","Continue open source work, manage perfectionist tendencies"
2024-11-28,9,"Interview prep feels solid. Academic performance consistently high. Microservices learning stretching capabilities.",8,3,"Strong interview readiness, academic excellence, advanced technical learning","Balancing depth vs breadth in learning","Consistent high performance becomes natural with good systems","Maintain systems, continue pushing technical boundaries"
2024-11-29,10,"Leadership in study group feeling natural. Advanced learning exciting rather than intimidating. Social impact through mentoring.",9,2,"Natural leadership, exciting advanced learning, meaningful mentoring","Old self-doubt patterns rare but still exist","Competence and contribution create genuine confidence and fulfillment","Continue leadership and mentoring, acknowledge growth while staying humble"
2024-11-30,10,"Month-end reflection shows incredible transformation. From struggling and underconfident to capable and contributing. Growth is real.",9,2,"Major personal transformation, consistent excellence, clear future direction","Integration of all improvements still developing","Transformation happens gradually then suddenly - consistency is key","Plan December goals, maintain growth systems, help others transform too"
