date,problem_category,problem_description,current_situation,desired_outcome,obstacles,resources_available,action_steps,solution_status,priority,emotional_impact,learning_insights,follow_up_needed
2024-11-01,Academic,"Struggling with Data Structures concepts","Can't understand linked lists and trees, failing practice problems","Master basic DS concepts and solve problems confidently","Lack of foundation, no proper guidance, time management","Online tutorials, textbooks, classmates","1. Find beginner-friendly tutorials 2. Practice 1 problem daily 3. Join study group",In Progress,High,Frustrated and anxious,"Need to start with basics before jumping to complex problems",Schedule study sessions
2024-11-01,Personal,"Low self-confidence affecting performance","Feel intimidated in class, hesitate to ask questions","Build confidence to participate actively in academic discussions","Fear of judgment, past failures, introversion","Supportive friends, counseling services, online resources","1. Practice speaking with close friends 2. Prepare questions beforehand 3. Start with small participation",Not Started,High,Anxious and withdrawn,"Confidence is built through small wins and practice",Set weekly participation goals
2024-11-02,Time Management,"Procrastination ruining productivity","Spend hours on phone, delay important tasks","Create and stick to a productive daily schedule","Social media addiction, lack of priorities, no accountability","Calendar apps, productivity tools, roommate support","1. Use app blockers 2. Time-block schedule 3. Find accountability partner",In Progress,High,Guilty and stressed,"Time management requires both tools and mindset change",Weekly schedule reviews
2024-11-03,Career,"Uncertain about future career path","Don't know which tech domain to focus on","Identify career interests and create learning roadmap","Limited industry exposure, information overload, imposter syndrome","Career services, LinkedIn, senior students","1. Research different domains 2. Attend tech talks 3. Connect with working professionals",Not Started,Medium,Confused and worried,"Career clarity comes through exploration and experimentation",Schedule informational interviews
2024-11-04,Academic,"Group project coordination issues","Team members not contributing equally, communication gaps","Improve team collaboration and project delivery","Different work styles, scheduling conflicts, lack of leadership","Project management tools, clear communication, professor guidance","1. Establish clear roles 2. Set up regular check-ins 3. Use collaborative tools",In Progress,High,Frustrated with team dynamics,"Good communication and structure are essential for team success",Implement weekly team meetings
2024-11-05,Health,"Poor eating and exercise habits","Irregular meals, no physical activity, feeling tired","Establish healthy lifestyle routines","Busy schedule, limited cooking skills, lack of motivation","Campus gym, meal planning apps, health-conscious friends","1. Plan weekly meals 2. Schedule workout times 3. Find exercise buddy",Not Started,Medium,Low energy and unmotivated,"Health habits compound - small changes lead to big improvements",Track daily habits
2024-11-06,Social,"Difficulty making meaningful connections","Struggle to connect with classmates, feeling isolated","Build stronger friendships and professional network","Introversion, social anxiety, busy academic schedule","Club activities, study groups, social events","1. Join one club/activity 2. Initiate study groups 3. Attend social events",Not Started,Medium,Lonely and disconnected,"Relationships require consistent effort and vulnerability",Schedule regular social activities
2024-11-07,Financial,"Managing expenses and budget","Overspending on unnecessary items, no savings","Create and maintain a realistic budget","Impulse buying, no financial planning experience, limited income","Budgeting apps, financial literacy resources, parental guidance","1. Track all expenses 2. Set spending limits 3. Create emergency fund",Not Started,Low,Anxious about money,"Financial discipline is a learnable skill requiring awareness",Monthly budget reviews
2024-11-08,Academic,"Difficulty understanding theoretical concepts","Abstract concepts in math and CS hard to grasp","Develop better conceptual understanding strategies","Learning style mismatch, insufficient practice, intimidation","Visual learning resources, office hours, study groups","1. Use visual aids 2. Practice with real examples 3. Teach concepts to others",In Progress,High,Overwhelmed by complexity,"Abstract concepts need concrete examples and repeated exposure",Schedule regular review sessions
2024-11-09,Technical Skills,"Lack of practical programming experience","Can write basic code but struggle with real projects","Build portfolio of practical projects","Perfectionism, fear of failure, lack of project ideas","GitHub, online courses, coding communities","1. Start small projects 2. Contribute to open source 3. Build something daily",In Progress,High,Inadequate and behind peers,"Programming skill comes from building, not just learning theory",Set monthly project goals
2024-11-10,Personal Development,"No clear learning roadmap","Random learning without structure or progression","Create systematic skill development plan","Information overload, no mentorship, lack of focus","Online learning platforms, career advisors, industry roadmaps","1. Identify skill gaps 2. Create learning schedule 3. Track progress regularly",In Progress,Medium,Directionless but hopeful,"Structured learning is more effective than random exploration",Monthly skill assessment
2024-11-11,Academic,"Test anxiety affecting performance","Know material but panic during exams","Develop better test-taking strategies and stress management","Performance anxiety, time pressure, negative self-talk","Stress management resources, practice tests, counseling","1. Practice relaxation techniques 2. Simulate exam conditions 3. Develop positive self-talk",In Progress,High,Anxious and self-doubting,"Test performance is as much mental as it is knowledge-based",Practice stress management daily
2024-11-12,Career,"Lack of industry knowledge","Don't understand what different tech jobs actually involve","Gain practical understanding of tech careers","Limited exposure, academic bubble, no mentors","LinkedIn, company websites, networking events","1. Research job descriptions 2. Connect with professionals 3. Attend industry events",In Progress,Medium,Curious but uncertain,"Industry knowledge comes from talking to people actually doing the work",Schedule monthly industry conversations
2024-11-13,Technical Skills,"Weak problem-solving approach","Can't break down complex problems systematically","Develop structured problem-solving methodology","Rushing to solutions, not understanding problems, lack of practice","Problem-solving frameworks, coding interview prep, mentor guidance","1. Learn problem-solving frameworks 2. Practice daily coding problems 3. Document solution approaches",In Progress,High,Frustrated with slow progress,"Problem-solving is a skill that improves with deliberate practice",Weekly problem-solving sessions
2024-11-14,Personal,"Perfectionism paralyzing progress","Wait for perfect conditions, never start projects","Embrace 'good enough' mindset and take action","Fear of criticism, high standards, past failures","Growth mindset resources, supportive community, therapy","1. Set 'good enough' standards 2. Time-box perfectionist tendencies 3. Celebrate imperfect progress",In Progress,High,Paralyzed by fear of imperfection,"Progress is better than perfection - done is better than perfect",Daily action tracking
2024-11-15,Communication,"Presentation and public speaking fears","Avoid presentations, struggle to articulate ideas clearly","Become comfortable presenting ideas to groups","Social anxiety, lack of practice, fear of judgment","Toastmasters, presentation clubs, friendly audiences","1. Practice with small groups 2. Record myself presenting 3. Join speaking club",Not Started,Medium,Nervous and avoidant,"Communication skills improve through practice in safe environments",Weekly presentation practice
2024-11-16,Academic,"Ineffective study methods","Study for hours but don't retain information well","Develop more efficient and effective study techniques","Poor study habits, passive learning, no system","Study technique resources, successful classmates, academic advisors","1. Try active learning methods 2. Use spaced repetition 3. Test different techniques",In Progress,High,Frustrated with inefficiency,"Effective studying is about quality and method, not just time",Experiment with different techniques weekly
2024-11-17,Personal Growth,"Lack of self-awareness","Don't understand my strengths, weaknesses, or patterns","Develop better self-knowledge and emotional intelligence","Limited reflection time, no feedback, busy schedule","Journaling, personality assessments, feedback from others","1. Daily reflection practice 2. Take personality tests 3. Ask for feedback regularly",In Progress,Medium,Uncertain about identity,"Self-awareness is the foundation for all other personal development",Weekly self-reflection
2024-11-18,Technical Skills,"Impostor syndrome in tech","Feel like I don't belong, everyone else seems smarter","Build genuine confidence through competence","Comparison with others, social media, limited perspective","Supportive community, mentors, realistic expectations","1. Focus on own progress 2. Connect with other beginners 3. Celebrate small wins",In Progress,High,Inadequate and fake,"Everyone starts somewhere - focus on your own journey, not others'",Daily progress tracking
2024-11-19,Academic,"Poor note-taking and information organization","Notes are messy, can't find information when needed","Develop systematic information management system","No system, poor tools, rushed note-taking","Note-taking apps, organization systems, study groups","1. Choose one note-taking system 2. Organize by subject and date 3. Review and clean notes weekly",In Progress,Medium,Overwhelmed by information chaos,"Good organization saves time and reduces stress in the long run",Weekly organization review
2024-11-20,Career,"No practical work experience","Only academic projects, no real-world exposure","Gain practical experience through internships or projects","Competitive market, lack of connections, timing","Career fairs, online applications, networking, personal projects","1. Apply to internships 2. Build portfolio projects 3. Network with alumni",In Progress,High,Behind compared to peers,"Experience can be gained through various paths - not just traditional internships",Monthly application tracking
2024-11-21,Personal,"Work-life balance struggles","All work, no relaxation, burning out","Create sustainable balance between work and personal life","Guilty about relaxing, fear of falling behind, poor boundaries","Time management tools, wellness resources, support system","1. Schedule relaxation time 2. Set work boundaries 3. Practice saying no",In Progress,Medium,Burned out and guilty,"Balance is not luxury - it's necessary for sustained performance",Weekly balance assessment
2024-11-22,Technical Skills,"Lack of debugging skills","Get stuck on errors for hours, don't know how to troubleshoot","Develop systematic debugging and problem-solving skills","Impatience, poor debugging habits, lack of methodology","Debugging guides, experienced programmers, error logs","1. Learn debugging methodology 2. Practice reading error messages 3. Document common solutions",In Progress,High,Frustrated and stuck,"Debugging is a skill - systematic approach beats random trying",Keep debugging journal
2024-11-23,Social,"Networking anxiety","Uncomfortable approaching people, don't know what to say","Become comfortable networking and building professional relationships","Introversion, fear of rejection, lack of confidence","Networking events, online communities, structured activities","1. Practice elevator pitch 2. Set small networking goals 3. Follow up with connections",Not Started,Medium,Anxious and avoidant,"Networking is about genuine interest in others, not self-promotion",Practice conversations weekly
2024-11-24,Academic,"Difficulty with advanced mathematics","Calculus and linear algebra concepts challenging","Master mathematical foundations for computer science","Weak foundation, abstract concepts, math anxiety","Khan Academy, tutoring, study groups, office hours","1. Review fundamentals 2. Practice daily problems 3. Seek help early",In Progress,High,Intimidated by complexity,"Math understanding builds layer by layer - patience with process is key",Daily math practice
2024-11-25,Personal Development,"No clear personal mission","Living day to day without bigger purpose or direction","Develop clear personal vision and mission","Lack of self-reflection, external pressures, uncertainty","Self-help resources, mentors, life coaches, journaling","1. Explore values and interests 2. Write personal mission 3. Align actions with mission",Not Started,Medium,Directionless but searching,"Purpose emerges through action and reflection, not just thinking",Monthly vision review
2024-11-26,Technical Skills,"Overwhelmed by technology choices","Too many languages, frameworks, tools to learn","Focus learning on specific technology stack","FOMO, shiny object syndrome, no guidance","Technology roadmaps, mentor advice, job market research","1. Choose one stack to master 2. Ignore distractions 3. Go deep before going broad",In Progress,Medium,Overwhelmed by options,"Depth beats breadth in early career - master one thing well first",Quarterly technology focus review
2024-11-27,Career,"Interview preparation anxiety","Worry about technical interviews, don't know what to expect","Become comfortable and confident in interview situations","Limited practice, fear of failure, imposter syndrome","Interview prep resources, mock interviews, practice platforms","1. Practice coding problems daily 2. Do mock interviews 3. Research company-specific questions",In Progress,High,Nervous and underprepared,"Interview skills improve with practice - treat it like any other skill",Weekly interview practice
2024-11-28,Personal,"Negative self-talk patterns","Internal critic sabotaging confidence and progress","Develop positive, encouraging inner dialogue","Habit of self-criticism, perfectionism, past failures","Cognitive behavioral resources, therapy, supportive friends","1. Notice negative thoughts 2. Challenge and reframe them 3. Practice self-compassion",In Progress,High,Self-critical and harsh,"The way you talk to yourself affects everything - be your own best friend",Daily mindset check
2024-11-29,Academic,"Difficulty learning from failures","Get discouraged by mistakes, avoid challenging problems","Develop growth mindset and resilience","Fixed mindset, fear of failure, ego protection","Growth mindset resources, resilient role models, supportive environment","1. Reframe failures as learning 2. Analyze mistakes systematically 3. Celebrate effort over results",In Progress,High,Discouraged by setbacks,"Failure is feedback, not a verdict - it's information for improvement",Weekly failure analysis
2024-11-30,Integration,"Connecting learning to real applications","Theoretical knowledge not translating to practical skills","Bridge the gap between theory and practice","Academic focus, limited real-world exposure, abstract thinking","Open source projects, hackathons, practical tutorials","1. Build projects applying theory 2. Contribute to real systems 3. Solve actual problems",In Progress,High,Disconnected and theoretical,"Learning becomes real when applied to solve actual problems",Monthly project application
